adresse;postcode;city
2 RUE DE LA DUBOISERIE;86190;QUINCAY
1 RUE DE LA DUBOISERIE;86190;QUINCAY
12 RUE DE SAINTE MAURE;86190;QUINCAY
7 RUE DE LA DUBOISERIE;86190;QUINCAY
9 RUE DE LA DUBOISERIE;86190;QUINCAY
11 RUE DE LA DUBOISERIE;86190;QUINCAY
1 RUE DU LAC;86190;QUINCAY
3 RUE DU LAC;86190;QUINCAY
5 RUE DU LAC;86190;QUINCAY
7 RUE DU LAC;86190;QUINCAY
RUE DU LAC TERRAIN SPORT TERRAIN DES SPORTS;86190;QUINCAY
RUE DU LAC NOUV CIMETIERE NOUVEAU CIMETIERE;86190;QUINCAY
49 RUE DE CHAMPLAN;86190;QUINCAY
2 ALLEE DE CHAMPLAN;86190;QUINCAY
2B ALLEE DE CHAMPLAN;86190;QUINCAY
4 ALLEE DE CHAMPLAN;86190;QUINCAY
6 ALLEE DE CHAMPLAN;86190;QUINCAY
7 ALLEE DE CHAMPLAN;86190;QUINCAY
3 ALLEE DE CHAMPLAN;86190;QUINCAY
1B ALLEE DE CHAMPLAN;86190;QUINCAY
5 ALLEE DE CHAMPLAN;86190;QUINCAY
62 RUE DE CHAMPLAN;86190;QUINCAY
12 RUE DE LA DUBOISERIE;86190;QUINCAY
RUE DE SAINTE MAURE MAISON RETRAITE;86190;QUINCAY
18 RUE DE SAINTE MAURE;86190;QUINCAY
21 RUE DE SAINTE MAURE;86190;QUINCAY
RUE DE ST MAURE;86190;QUINCAY
16 RUE DE SAINTE MAURE;86190;QUINCAY
10 RUE DE SAINTE MAURE;86190;QUINCAY
13 RUE DE SAINTE MAURE;86190;QUINCAY
6 RUE DE SAINTE MAURE;86190;QUINCAY
4 RUE DE SAINTE MAURE;86190;QUINCAY
9 RUE DE SAINTE MAURE;86190;QUINCAY
2 RUE DE SAINTE MAURE;86190;QUINCAY
7 RUE DE SAINTE MAURE;86190;QUINCAY
3 RUE DE SAINTE MAURE;86190;QUINCAY
9 PLACE DE LA LIBERTE;86190;QUINCAY
1 RUE DE SAINTE MAURE;86190;QUINCAY
7 PLACE DE LA LIBERTE;86190;QUINCAY
5 PLACE DE LA LIBERTE;86190;QUINCAY
3B PLACE DE LA LIBERTE;86190;QUINCAY
3 PLACE DE LA LIBERTE;86190;QUINCAY
1 PLACE DE LA LIBERTE;86190;QUINCAY
2 RUE DU PRE DE LA LAMPE;86190;QUINCAY
11 PLACE DE LA LIBERTE;86190;QUINCAY
11 PLACE DE LA LIBERTE;86190;QUINCAY
13 PLACE DE LA LIBERTE;86190;QUINCAY
15 PLACE DE LA LIBERTE;86190;QUINCAY
17 PLACE DE LA LIBERTE;86190;QUINCAY
RUE DU CALVAIRE;86190;QUINCAY
1 RUE DU CALVAIRE;86190;QUINCAY
3 RUE DU CALVAIRE;86190;QUINCAY
5 IMPASSE DE L HUILERIE;86190;QUINCAY
5 RUE DU CALVAIRE;86190;QUINCAY
7 RUE DU CALVAIRE;86190;QUINCAY
9 RUE DU CALVAIRE;86190;QUINCAY
1 RUE DES QUINTUS;86190;QUINCAY
2 RUE DU CALVAIRE;86190;QUINCAY
1 IMPASSE DE L HUILERIE;86190;QUINCAY
1 IMPASSE DE L HUILERIE;86190;QUINCAY
1 IMPASSE DE L HUILERIE LOGEMENT 2;86190;QUINCAY
1 IMPASSE DE L HUILERIE LOG 3;86190;QUINCAY
4 IMPASSE DE L HUILERIE;86190;QUINCAY
3 IMPASSE DE L HUILERIE;86190;QUINCAY
8 PLACE DE WARNANT 8 RUE DES QUINTUS;86190;QUINCAY
RUE QUINTUS ARROSAGE COMMUNE;86190;QUINCAY
3B RUE DES QUINTUS;86190;QUINCAY
5 RUE DES QUINTUS;86190;QUINCAY
7 RUE DES QUINTUS BUREAU DE POSTE;86190;QUINCAY
11 RUE DES QUINTUS;86190;QUINCAY
9 RUE DES QUINTUS;86190;QUINCAY
13 RUE DES QUINTUS;86190;QUINCAY
15 RUE DES QUINTUS;86190;QUINCAY
17 RUE DES QUINTUS;86190;QUINCAY
19 RUE DES QUINTUS;86190;QUINCAY
12 RUE DES QUINTUS;86190;QUINCAY
14 RUE DES QUINTUS;86190;QUINCAY
23 RUE DES QUINTUS;86190;QUINCAY
25 RUE DES QUINTUS;86190;QUINCAY
16 RUE DES QUINTUS;86190;QUINCAY
18 RUE DES QUINTUS;86190;QUINCAY
20 RUE DES QUINTUS;86190;QUINCAY
22 RUE DES QUINTUS;86190;QUINCAY
24 RUE DES QUINTUS;86190;QUINCAY
26 RUE DES QUINTUS;86190;QUINCAY
5 RUE DE LA BATAILLE;86190;QUINCAY
1 RUE DE LA BATAILLE;86190;QUINCAY
28 RUE DES QUINTUS;86190;QUINCAY
30 RUE DES QUINTUS;86190;QUINCAY
32 RUE DES QUINTUS;86190;QUINCAY
27 RUE DES QUINTUS;86190;QUINCAY
27B RUE DES QUINTUS;86190;QUINCAY
34 RUE DES QUINTUS;86190;QUINCAY
1 PLACE DU CHAMP DE LA BATAILLE SALLE POLYVALENTE;86190;QUINCAY
36 RUE DES QUINTUS;86190;QUINCAY
38 RUE DES QUINTUS;86190;QUINCAY
38B RUE DES QUINTUS;86190;QUINCAY
40 RUE DES QUINTUS;86190;QUINCAY
1 ALLEE DES QUINTUS;86190;QUINCAY
4 ALLEE DES QUINTUS;86190;QUINCAY
42 RUE DES QUINTUS;86190;QUINCAY
29 RUE DES QUINTUS;86190;QUINCAY
31 RUE DES QUINTUS;86190;QUINCAY
33 RUE DES QUINTUS;86190;QUINCAY
2 IMPASSE DES ENCLOS;86190;QUINCAY
4 IMPASSE DES ENCLOS;86190;QUINCAY
5 IMPASSE DES ENCLOS;86190;QUINCAY
3 IMPASSE DES ENCLOS;86190;QUINCAY
1 IMPASSE DES ENCLOS;86190;QUINCAY
35 RUE DES QUINTUS;86190;QUINCAY
37 RUE DES QUINTUS;86190;QUINCAY
48 RUE DES QUINTUS LES ENCLOS;86190;QUINCAY
50 RUE DES QUINTUS;86190;QUINCAY
39 RUE DES QUINTUS;86190;QUINCAY
41 RUE DES QUINTUS;86190;QUINCAY
2 RUE DE LA BUISSONNIERE;86190;QUINCAY
2 RUE DE CHAMPLAN;86190;QUINCAY
4 RUE DE CHAMPLAN;86190;QUINCAY
6 RUE DE CHAMPLAN;86190;QUINCAY
8 RUE DE CHAMPLAN;86190;QUINCAY
10 RUE DE CHAMPLAN;86190;QUINCAY
12 RUE DE CHAMPLAN;86190;QUINCAY
14 RUE DE CHAMPLAN;86190;QUINCAY
16 RUE DE CHAMPLAN;86190;QUINCAY
18 RUE DE CHAMPLAN;86190;QUINCAY
20 RUE DE CHAMPLAN;86190;QUINCAY
22 RUE DE CHAMPLAN;86190;QUINCAY
13 RUE DE CHAMPLAN;86190;QUINCAY
11 RUE DE CHAMPLAN;86190;QUINCAY
9 RUE DE CHAMPLAN;86190;QUINCAY
7 RUE DE CHAMPLAN;86190;QUINCAY
5 RUE DE CHAMPLAN;86190;QUINCAY
3 RUE DE CHAMPLAN;86190;QUINCAY
1 RUE DE CHAMPLAN;86190;QUINCAY
6 RUE DES QUINTUS;86190;QUINCAY
CRECHE CENTRE DE LOISIRS;86190;QUINCAY
PLACE DE LA LIBERTE CIMETIERE;86190;QUINCAY
5 RUE DU LAVOIR;86190;QUINCAY
4 RUE DU LAVOIR;86190;QUINCAY
2 RUE DU LAVOIR;86190;QUINCAY
RUE DU LAVOIR;86190;QUINCAY
3 RUE DU LAVOIR SALLE PAROISSIALE;86190;QUINCAY
1 RUE DU LAVOIR;86190;QUINCAY
1 RUE DU PRE DE LA LAMPE;86190;QUINCAY
1 IMPASSE DE L ABATTOIR;86190;QUINCAY
2 IMPASSE DE L'ABATTOIR;86190;QUINCAY
4 IMPASSE DE L ABATTOIR;86190;QUINCAY
3 RUE DU PRE DE LA LAMPE;86190;QUINCAY
2 IMPASSE DU CHARILLOU;86190;QUINCAY
4 IMPASSE DU CHARILLOU;86190;QUINCAY
5 RUE DU PRE DE LA LAMPE;86190;QUINCAY
4 RUE DU PRE DE LA LAMPE;86190;QUINCAY
6 RUE DU PRE DE LA LAMPE;86190;QUINCAY
8 RUE DU PRE DE LA LAMPE;86190;QUINCAY
7 RUE DU PRE DE LA LAMPE;86190;QUINCAY
9 RUE DU PRE DE LA LAMPE;86190;QUINCAY
10 RUE DU PRE DE LA LAMPE;86190;QUINCAY
11 RUE DU PRE DE LA LAMPE;86190;QUINCAY
12 RUE DU PRE DE LA LAMPE;86190;QUINCAY
13 RUE DU PRE DE LA LAMPE;86190;QUINCAY
14 RUE DU PRE DE LA LAMPE;86190;QUINCAY
17 RUE DU PRE DE LA LAMPE;86190;QUINCAY
16 RUE DU PRE DE LA LAMPE;86190;QUINCAY
19 RUE DU PRE DE LA LAMPE;86190;QUINCAY
18 RUE DU PRE DE LA LAMPE;86190;QUINCAY
RUE DU PRE DE LA LAMPE;86190;QUINCAY
2 IMPASSE DES BREJOTTES;86190;QUINCAY
2 RUE DU CHARCRET;86190;QUINCAY
4 RUE DU CHARCRET;86190;QUINCAY
1 RUE DU CHARCRET;86190;QUINCAY
6 RUE DU CHARCRET;86190;QUINCAY
3 RUE DU CHARCRET;86190;QUINCAY
8 RUE DU CHARCRET;86190;QUINCAY
10 RUE DU CHARCRET;86190;QUINCAY
12 RUE DU CHARCRET;86190;QUINCAY
14 RUE DU CHARCRET;86190;QUINCAY
7 RUE DE LA BATAILLE;86190;QUINCAY
9 RUE DE LA BATAILLE;86190;QUINCAY
11 RUE DE LA BATAILLE;86190;QUINCAY
13 RUE DE LA BATAILLE;86190;QUINCAY
3 RUE DE LA BATAILLE;86190;QUINCAY
2 RUE DE LA BATAILLE;86190;QUINCAY
2B RUE DE LA BATAILLE;86190;QUINCAY
4 RUE DE LA BATAILLE;86190;QUINCAY
4B RUE DE LA BATAILLE;86190;QUINCAY
6 RUE DE LA BATAILLE;86190;QUINCAY
19 RUE DE LA BUISSONNIERE;86190;QUINCAY
17 RUE DE LA BUISSONNIERE;86190;QUINCAY
15 RUE DE LA BUISSONNIERE;86190;QUINCAY
13 RUE BUISONNIERE;86190;QUINCAY
11 RUE DE LA BUISSONNIERE LOTISSEMENT CHAMP DE LA BATAILLE;86190;QUINCAY
9 RUE DE LA BUISSONNIERE;86190;QUINCAY
5 RUE DE LA BUISSONNIERE LE CHAMP DE LA BATAILLE;86190;QUINCAY
3 RUE DE LA BUISSONNIERE;86190;QUINCAY
6 RUE DE LA BUISSONNIERE;86190;QUINCAY
8 RUE DE LA BUISSONNIERE;86190;QUINCAY
10 RUE DE LA BUISSONNIERE;86190;QUINCAY
12 RUE DE LA BUISSONNIERE;86190;QUINCAY
14 RUE DE LA BUISSONNIERE;86190;QUINCAY
16 RUE BUISSONIERE CHAMP BATAILL LOTISSEMENT EDITH STEIN;86190;QUINCAY
25 RUE DE CHAMPLAN;86190;QUINCAY
23 RUE DE CHAMPLAN;86190;QUINCAY
21 RUE DE CHAMPLAN;86190;QUINCAY
19 RUE DE CHAMPLAN;86190;QUINCAY
17 RUE DE CHAMPLAN;86190;QUINCAY
15 RUE DE CHAMPLAN;86190;QUINCAY
24 RUE DE CHAMPLAN;86190;QUINCAY
28 RUE DE CHAMPLAN;86190;QUINCAY
30 RUE DE CHAMPLAN;86190;QUINCAY
32 RUE DE CHAMPLAN;86190;QUINCAY
34 RUE DE CHAMPLAN;86190;QUINCAY
36 RUE DE CHAMPLAN;86190;QUINCAY
38 RUE DE CHAMPLAN;86190;QUINCAY
40 RUE DE CHAMPLAN;86190;QUINCAY
42 RUE DE CHAMPLAN;86190;QUINCAY
44 RUE DE CHAMPLAN;86190;QUINCAY
46 RUE DE CHAMPLAN;86190;QUINCAY
48 RUE DE CHAMPLAN;86190;QUINCAY
50 RUE DE CHAMPLAN;86190;QUINCAY
60 RUE DE CHAMPLAN;86190;QUINCAY
39 RUE DE CHAMPLAN LOTISSEMENT LE CHRYSOSTOME;86190;QUINCAY
37 RUE DE CHAMPLAN;86190;QUINCAY
35 RUE DE CHAMPLAN;86190;QUINCAY
33 RUE DE CHAMPLAN;86190;QUINCAY
31 RUE DE CHAMPLAN;86190;QUINCAY
29 RUE DE CHAMPLAN LOTISSEMENT LE CHRYSOSTOME;86190;QUINCAY
27 RUE DE CHAMPLAN LOTISSEMENT LE CHRYSOSTOME;86190;QUINCAY
18 RUE DE LA BUISSONNIERE;86190;QUINCAY
20 RUE DE LA BUISSONNIERE;86190;QUINCAY
22 RUE DE LA BUISSONNIERE;86190;QUINCAY
24 RUE DE LA BUISSONNIERE LOTISSEMENT EDITH STEIN;86190;QUINCAY
26 RUE DE LA BUISSONNIERE LOTISSEMENT EDITH STEIN;86190;QUINCAY
28 RUE BUISSONNIERE;86190;QUINCAY
30 RUE DE LA BUISSONNIERE;86190;QUINCAY
32 RUE DE LA BUISSONNIERE;86190;QUINCAY
34 RUE DE LA BUISSONNIERE CHAMP DE LA BATAILLE;86190;QUINCAY
15 RUE DE LA BATAILLE;86190;QUINCAY
8 RUE DE LA BATAILLE;86190;QUINCAY
17 RUE DE LA BATAILLE;86190;QUINCAY
19 RUE DE LA BATAILLE;86190;QUINCAY
10 RUE DE LA BATAILLE;86190;QUINCAY
12 RUE DE LA BATAILLE;86190;QUINCAY
21 RUE DE LA BATAILLE;86190;QUINCAY
14 RUE DE LA BATAILLE;86190;QUINCAY
16 RUE DE LA BATAILLE;86190;QUINCAY
8 RUE DE LA DUBOISERIE;86190;QUINCAY
6 RUE DE LA DUBOISERIE;86190;QUINCAY
4 RUE DE LA DUBOISERIE;86190;QUINCAY
36 RUE DES BASSES ROCHES;86190;QUINCAY
34 RUE DES BASSES ROCHES;86190;QUINCAY
32 RUE DES BASSES ROCHES;86190;QUINCAY
30 RUE DES BASSES ROCHES;86190;QUINCAY
28 RUE DES BASSES ROCHES;86190;QUINCAY
26 RUE DES BASSES ROCHES;86190;QUINCAY
19 RUE DES BASSES ROCHES;86190;QUINCAY
1 CHEMIN DE CHATEAU GAILLARD;86190;QUINCAY
LES BASSES ROCHES POSTE RELEVEM;86190;QUINCAY
24 RUE DES BASSES ROCHES;86190;QUINCAY
17 RUE DES BASSES ROCHES;86190;QUINCAY
22 RUE DES BASSES ROCHES;86190;QUINCAY
15 RUE DES BASSES ROCHES;86190;QUINCAY
20B RUE DES BASSES ROCHES;86190;QUINCAY
20 RUE DES BASSES ROCHES;86190;QUINCAY
18 RUE DES BASSES ROCHES;86190;QUINCAY
13 RUE DES BASSES ROCHES;86190;QUINCAY
16 RUE DES BASSES ROCHES;86190;QUINCAY
14 RUE DES BASSES ROCHES;86190;QUINCAY
14T RUE DES BASSES ROCHES;86190;QUINCAY
11 RUE DES BASSES ROCHES;86190;QUINCAY
12 RUE DES BASSES ROCHES;86190;QUINCAY
9 RUE DES BASSES ROCHES;86190;QUINCAY
10 RUE DES BASSES ROCHES;86190;QUINCAY
8B RUE DES BASSES ROCHES;86190;QUINCAY
8 RUE DES BASSES ROCHES;86190;QUINCAY
6 RUE DES BASSES ROCHES;86190;QUINCAY
7 RUE DES BASSES ROCHES;86190;QUINCAY
4 RUE DES BASSES ROCHES;86190;QUINCAY
5 RUE DES BASSES ROCHES;86190;QUINCAY
3 RUE DES BASSES ROCHES;86190;QUINCAY
2 RUE DES BASSES ROCHES;86190;QUINCAY
31 RUE DES HAUTES ROCHES;86190;QUINCAY
33 RUE DES HAUTES ROCHES;86190;QUINCAY
32 RUE DES HAUTES ROCHES;86190;QUINCAY
37 RUE DES HAUTES ROCHES;86190;QUINCAY
37 RUE DES HAUTES ROCES FACE;86190;QUINCAY
39 RUE DES HAUTES ROCHES;86190;QUINCAY
1 RUE DES BASSES ROCHES;86190;QUINCAY
30 RUE DES HAUTES ROCHES;86190;QUINCAY
27 RUE DES HAUTES ROCHES;86190;QUINCAY
28 RUE DES HAUTES ROCHES;86190;QUINCAY
22 RUE DES HAUTES ROCHES;86190;QUINCAY
26 RUE DES HAUTES ROCHES;86190;QUINCAY
24 RUE DES HAUTES ROCHES;86190;QUINCAY
RUE DES HAUTES ROCHES;86190;QUINCAY
20 RUE DES HAUTES ROCHES;86190;QUINCAY
1 IMPASSE DES HAUTES ROCHES;86190;QUINCAY
25 RUE DES HAUTES ROCHES;86190;QUINCAY
23 RUE DES HAUTES ROCHES;86190;QUINCAY
18B RUE DES HAUTES ROCHES;86190;QUINCAY
18  LES HAUTES ROCHES;86190;QUINCAY
21 RUE DES HAUTES ROCHES;86190;QUINCAY
14 RUE DES HAUTES ROCHES;86190;QUINCAY
12 RUE DES HAUTES ROCHES;86190;QUINCAY
19 RUE DES HAUTES ROCHES;86190;QUINCAY
17 RUE DES HAUTES ROCHES;86190;QUINCAY
1 CHEMIN DU DOGNON;86190;QUINCAY
3 CHEMIN DU DOGNON LES ROCHES;86190;QUINCAY
15 RUE DES HAUTES ROCHES;86190;QUINCAY
8B  BIS RUE DES HAUTES ROCHES;86190;QUINCAY
8 RUE DES HAUTES ROCHES;86190;QUINCAY
13B  BIS RUE DES HAUTES ROCHES;86190;QUINCAY
13 RUE DES HAUTES ROCHES;86190;QUINCAY
6 RUE HAUTES ROCHES;86190;QUINCAY
6B RUE DES HAUTES ROCHES;86190;QUINCAY
11 RUE DES HAUTES ROCHES;86190;QUINCAY
4  B RUE DES HAUTES ROCHES;86190;QUINCAY
4 RUE DES HAUTES ROCHES;86190;QUINCAY
9 RUE DES HAUTES ROCHES;86190;QUINCAY
9B RUE DES HAUTES ROCHES;86190;QUINCAY
7 RUE DES HAUTES ROCHES;86190;QUINCAY
2B RUE DES HAUTES ROCHES;86190;QUINCAY
5 RUE DES HAUTES ROCHES;86190;QUINCAY
2 RUE DES HAUTES ROCHES;86190;QUINCAY
1 RUE DES HAUTES ROCHES;86190;QUINCAY
3 RUE DES HAUTES ROCHES;86190;QUINCAY
5 RUE DES PRES LIAS;86190;QUINCAY
7 RUE DES PRES LIAS;86190;QUINCAY
9 RUE DES PRES LIAS;86190;QUINCAY
11 RUE DES PRES LIAS;86190;QUINCAY
13 RUE DES PRES LIAS;86190;QUINCAY
15 RUE DES PRES LIAS;86190;QUINCAY
8 RUE DES PRES LIAS;86190;QUINCAY
12 RUE DES PRES LIAS;86190;QUINCAY
10 RUE DES PRES LIAS;86190;QUINCAY
14 RUE DES PRES LIAS;86190;QUINCAY
21 RUE DES PRES LIAS;86190;QUINCAY
6 RUE DE LA CROIX FERREE;86190;QUINCAY
2B IMPASSE DES ENCLOS;86190;QUINCAY
2 ALLEE DES QUINTUS;86190;QUINCAY
10B RUE DE LA BATAILLE;86190;QUINCAY
RUE DU PRE DE LA LAMPE;86190;QUINCAY
1 IMPASSE DES BREJOTTES;86190;QUINCAY
16B RUE DU PRE DE LA LAMPE;86190;QUINCAY
26 RUE DE CHAMPLAN;86190;QUINCAY
35 RUE DES HAUTES ROCHES;86190;QUINCAY
41 RUE DE CHAMPLAN;86190;QUINCAY
5 RUE DU CHARCRET;86190;QUINCAY
15 RUE DU PRE DE LA LAMPE;86190;QUINCAY
15 RUE DU CHAMP DE LA CELLE;86190;QUINCAY
37 RUE DU CHAMP DE LA CELLE;86190;QUINCAY
26B RUE DE CHAMPLAN;86190;QUINCAY
28 RUE DES HAUTES ROCHES;86190;QUINCAY
20 RUE DE SAINTE MAURE;86190;QUINCAY
